code;libelle français;libelle anglais
AZ;"Agriculture, sylviculture et pêche";"Agriculture, forestry and fishing"
BE;"Industrie manufacturière, industries extractives et autres";"Industry (except construction)"
FZ;"Construction";"Construction"
GU;"Services principalement marchands";"Market services - Services excluding public administration, education, health and social services - sections G to N and R to U"
OQ;"Administration publique, enseignement, santé humaine et action sociale";"Public administration, defence, education, human health and social work activities"
_T;"Total";"Total"