code;libelle français;libelle anglais
S_HH_TAX;"Part des ménages imposés (en %)";"Share of households taxed (in %)"
S_EI_DI;"Part des revenus d’activité dans le revenu disponible (en %)";"Share of income from employment in disposable income (in %)"
S_EI_DI_N_SAL;"Part des revenus des activités non salariées dans le revenu disponible (en %)";"Share of income from self-employment activities in disposable income (in %)"
S_EI_DI_UNE;"Part des indemnités de chômage dans le revenu disponible (en %)";"Share of unemployment benefits in disposable income (in %)"
S_DIR_TAX_DI;"Part des impôts directs dans le revenu disponible (en %)";"Share of direct taxes in disposable income (in %)"
S_INC_ASS_DI;"Part des revenus du patrimoine et autres revenus dans le revenu disponible (en %)";"Share of income from wealth and other income in disposable income (in %)"
S_RET_PEN_DI;"Part des pensions, retraites et rentes dans le revenu disponible (en %)";"Share of pensions, retirement benefits, and annuities in disposable income (in %)"
S_SOC_BEN_DI_FAM_BEN;"Part des prestations familiales dans le revenu disponible (en %)";"Share of family benefits in disposable income (in %)"
S_SOC_BEN_DI_HOU_BEN;"Part des prestations logement dans le revenu disponible (en %)";"Share of housing benefits in disposable income (in %)"
S_SOC_BEN_DI_MIN_SOC;"Part des minimas sociaux dans le revenu disponible (en %)";"Share of social welfare benefits in disposable income (in %)"
S_SOC_BEN_DI;"Part de l’ensemble des prestations sociales dans le revenu disponible (en %)";"Share of all social benefits in disposable income (in %)"
S_EI_DI_SAL;"Part des salaires dans le revenu disponible (en %)";"Share of wages in disposable income (in %)"
D1_SL;"1er décile du niveau de vie (en euros)";"1st decile of the standard of living (in euros)"
D9_SL;"9e décile du niveau de vie (en euros)";"9th decile of the standard of living (in euros)"
MED_SL;"Niveau de vie médian (en euros)";"Median standard of living (in euros)"
NUM_HH;"Nombre de ménages";"Number of households"
NUM_PER;"Nombre de personnes";"Number of persons"
NUM_CU;"Nombre d’unités de consommation";"Number of consumption units"
IR_D9_D1_SL;"Rapport interdécile (D9/D1) du niveau de vie";"Interdecile ratio (D9/D1) of the standard of living"
PR_MD60;"Taux de pauvreté (en %) au seuil de 60 % de la médiane du niveau de vie";"Poverty rate (in %) at 60% of the median standard of living"